hours_studied,sleep_hours,gpa,screen_time_hours,extracurricular_hours,past_absences,practice_tests,attendance_rate,label,study_mode_cram,study_mode_regular,part_time_job_1,parental_education_hs,parental_education_master
12.01,7.87,2.46,2.07,3.31,7,5.0,77.1,1,0,1,0,1,0
13.34,6.98,2.92,5.53,3.74,8,5.0,79.9,0,1,0,0,0,0
10.77,7.49,3.025,3.77,6.52,1,4.0,96.2,0,0,1,0,0,0
7.99,7.22,3.09,4.89,7.72,9,3.0,71.2,1,0,0,1,1,0
9.95,7.79,2.64,3.43,1.6,3,2.0,91.6,0,0,0,1,1,0
7.54,7.14,3.28,4.75,5.1,1,2.0,98.0,1,1,0,0,1,0
12.27,8.46,2.61,2.85,4.32,4,5.0,92.8,0,0,0,0,1,0
18.03,7.57,2.97,4.15,3.92,0,4.0,100.0,0,0,1,0,1,0
9.79,7.53,3.52,5.25,4.06,5,6.0,92.2,1,0,0,1,1,0
9.21,7.55,2.8,4.28,3.16,5,3.0,91.6,0,0,0,1,0,1
14.2,5.5,2.87,3.38,6.06,4,0.0,91.2,0,0,0,0,0,0
13.61,6.92,3.44,2.24,4.31,6,3.0,83.0,1,0,0,0,0,0
12.47,6.81,2.91,4.5,3.82,3,4.0,88.7,0,0,1,0,0,0
7.81,7.33,2.94,4.82,5.45,5,4.0,89.5,1,0,0,0,1,0
11.87,5.61,3.13,4.24,4.82,0,3.0,100.0,1,1,0,0,0,1
15.13,8.9,3.43,2.82,4.03,5,2.0,84.6,1,0,1,1,1,0
5.95,7.21,2.26,5.18,3.79,2,6.0,94.1,0,1,0,1,1,0
9.94,5.77,2.75,8.67,6.37,3,2.0,89.4,0,0,0,0,1,0
3.44,5.22,2.69,3.66,4.12,4,5.0,93.5,0,1,0,0,1,0
6.2,6.79,2.66,4.81,3.04,5,3.0,86.3,0,0,0,0,1,0
3.71,7.08,2.74,4.88,1.66,0,1.0,100.0,1,0,1,1,0,0
10.94,6.31,2.75,0.0,2.59,0,6.0,100.0,0,0,0,1,0,0
6.3,7.2,3.16,4.42,1.32,4,0.0,93.4,1,0,0,1,1,0
13.22,6.39,2.73,2.93,3.4,6,2.0,79.9,0,1,0,1,0,1
12.71,7.71,3.09,6.69,3.67,6,4.0,85.5,1,0,0,0,0,0
11.16,6.3,3.025,3.74,0.0,7,3.0,88.4,0,0,1,1,0,0
0.67,7.06,2.79,2.8,3.24,9,5.0,81.0,1,0,1,0,0,1
9.58,8.18,3.1,3.81,4.37,6,3.0,82.0,1,0,1,0,0,0
11.78,9.93,3.64,4.5,3.5,4,3.0,91.5,1,1,0,0,1,0
12.51,5.99,3.17,3.19,1.49,1,7.0,96.3,0,0,0,0,0,0
5.11,7.08,2.82,4.11,5.49,1,3.0,97.2,0,0,0,0,0,1
9.85,6.18,3.03,1.76,1.95,3,3.0,92.9,0,0,1,1,1,0
7.6,7.96,2.72,3.79,0.99,5,2.0,88.8,0,0,0,0,0,0
8.36,5.84,3.15,5.6,1.26,5,2.0,90.9,0,1,0,0,1,0
16.77,6.57,3.36,7.74,3.18,5,4.0,85.3,0,0,1,0,0,1
8.37,7.07,2.76,5.47,4.97,4,4.0,91.3,1,0,0,1,1,0
11.85,6.02,2.98,4.69,5.3,7,3.0,80.4,1,1,0,0,0,0
15.98,6.05,3.45,6.33,3.58,5,2.0,83.0,0,0,1,0,1,0
9.37,6.58,2.87,6.03,1.06,5,5.0,88.7,0,0,1,0,0,0
11.57,4.79,3.12,7.19,2.02,5,0.0,91.7,0,1,0,0,0,0
12.5,5.51,2.68,4.24,1.59,3,3.0,93.0,1,0,0,0,0,0
12.29,6.65,2.76,3.99,2.88,1,3.0,97.6,0,0,1,0,1,0
6.49,7.26,2.87,4.67,0.01,6,2.0,80.3,0,1,0,0,0,0
12.34,6.9,3.81,4.52,3.4,6,4.0,89.3,1,0,1,0,1,0
18.11,5.15,2.91,4.74,4.36,4,2.0,88.8,1,0,0,0,1,0
5.04,6.59,2.86,4.56,2.93,3,2.0,95.1,1,0,1,0,1,0
15.87,7.98,2.85,2.79,4.03,12,6.0,75.9,0,0,0,1,1,0
12.54,7.71,2.99,0.41,1.51,2,5.0,96.1,0,1,0,0,0,1
9.11,7.01,3.28,2.99,0.58,4,5.0,87.8,1,0,0,0,0,0
21.0,6.12,3.12,0.55,2.06,5,3.0,85.6,0,1,0,0,1,0
11.57,7.79,3.77,4.32,5.28,1,5.0,97.7,0,1,0,0,0,0
6.6,6.46,3.12,4.21,5.06,5,5.0,91.9,0,0,1,0,1,0
12.34,5.81,3.56,1.18,2.38,10,5.0,78.3,0,0,1,1,1,0
14.6,6.22,3.15,5.44,5.37,7,7.0,75.4,1,0,1,0,0,0
11.15,8.69,3.26,4.24,2.62,7,3.0,82.2,1,0,1,0,0,0
15.07,7.34,2.54,4.37,5.92,6,4.0,80.7,0,0,1,0,0,0
11.7,8.38,3.01,4.24,4.07,5,3.0,87.8,0,1,0,0,0,1
15.0,6.57,3.03,7.57,2.39,8,3.0,85.5,0,1,0,0,0,1
18.47,8.13,2.96,2.03,4.63,4,1.0,86.7,1,1,0,0,0,0
11.57,6.44,2.3,6.07,1.81,3,3.0,93.6,0,1,0,1,0,0
12.91,6.93,3.36,4.99,1.52,5,4.0,91.1,1,0,0,0,0,0
9.92,9.83,2.91,4.95,0.59,7,2.0,79.3,0,0,0,0,1,0
12.57,7.94,2.9,5.88,3.67,6,5.0,90.7,0,0,1,0,0,1
6.66,6.55,2.96,2.91,3.1,7,6.0,79.8,0,1,0,1,1,0
9.39,7.01,2.97,3.13,3.06,0,3.0,100.0,0,0,0,1,0,1
11.12,7.46,3.19,2.71,2.46,8,6.0,81.1,0,0,1,0,1,0
16.04,8.43,2.61,2.84,5.79,12,6.0,69.7,0,0,0,0,0,0
17.15,6.56,2.72,4.02,2.44,9,4.0,78.3,0,1,0,1,0,0
6.04,5.18,3.15,1.59,1.9,3,2.0,94.3,1,0,1,0,0,0
8.42,7.08,3.1,2.32,5.44,2,6.0,97.0,1,1,0,1,0,0
14.91,7.12,2.92,5.24,5.76,5,3.0,88.1,0,0,0,0,0,0
3.03,7.22,2.85,4.24,3.81,1,3.0,98.0,0,0,1,0,0,0
9.92,8.55,2.76,4.89,0.07,7,4.0,87.2,0,0,0,0,0,0
11.56,7.45,3.03,0.8,2.12,3,2.0,93.7,1,1,0,0,0,1
17.66,7.99,3.46,4.24,3.21,8,5.0,79.1,1,0,1,0,1,0
15.1,5.89,2.68,3.2,3.23,9,5.0,77.6,0,1,0,0,0,1
10.53,8.05,3.58,4.26,6.0,0,5.0,100.0,1,1,0,1,0,0
10.34,9.41,3.35,3.14,0.74,5,4.0,83.6,1,0,0,1,0,0
10.87,7.95,2.89,5.88,4.42,2,2.0,93.0,0,1,0,0,0,0
18.86,7.38,3.32,4.1,2.07,0,3.0,100.0,1,1,0,1,1,0
10.07,7.27,2.54,4.23,5.58,3,5.0,92.7,0,0,1,0,0,0
10.63,9.07,2.44,4.22,3.06,4,3.0,92.4,0,0,1,1,0,1
13.59,6.08,2.6,5.47,5.06,8,8.0,75.2,0,0,1,0,0,0
11.46,6.98,2.91,3.35,2.03,0,3.0,100.0,0,1,0,0,0,1
11.11,7.61,2.94,6.22,0.66,8,2.0,85.4,0,0,0,0,1,0
6.99,7.92,2.87,5.03,1.2,11,5.0,68.6,0,1,0,0,0,0
11.95,6.62,3.08,4.48,2.11,6,5.0,82.3,1,0,1,0,0,0
10.0,7.44,2.3,4.28,3.21,6,3.0,83.5,0,0,1,0,1,0
17.25,6.79,3.22,5.14,5.36,4,3.0,89.1,0,0,0,0,1,0
14.94,7.23,2.55,6.03,5.61,1,4.0,97.8,1,0,1,0,0,0
11.89,6.95,3.025,5.9,3.69,6,5.0,81.6,1,1,0,1,0,0
15.01,5.84,2.91,4.88,1.34,6,5.0,84.7,0,0,0,1,1,0
10.47,7.08,2.65,5.78,2.99,7,3.0,88.8,0,0,0,1,1,0
16.73,8.06,2.57,4.41,1.97,13,3.0,75.0,1,1,0,0,0,0
11.98,6.04,2.7,6.45,5.82,7,5.0,76.4,0,0,0,0,0,0
14.63,6.83,3.05,4.15,3.77,6,5.0,86.5,0,0,1,1,0,0
6.19,7.83,3.26,0.46,4.08,9,0.0,73.7,0,0,0,0,0,0
13.56,5.92,3.25,6.61,2.48,0,2.0,99.7,1,1,0,0,1,0
4.4,7.3,2.7,4.39,0.0,1,2.0,97.8,0,0,1,0,0,0
2.84,5.93,2.77,2.09,1.81,3,3.0,91.0,0,0,0,0,0,0
10.63,8.35,2.73,3.84,3.21,2,4.0,92.7,0,0,1,0,1,0
7.95,9.64,3.21,2.61,3.87,7,3.0,76.9,0,0,0,0,0,0
12.74,9.32,2.34,7.98,3.37,3,4.0,91.6,0,0,1,1,0,0
22.1,6.86,3.48,5.1,1.76,10,3.0,78.6,1,0,1,0,0,1
8.26,7.91,2.88,1.38,2.5,9,3.0,83.0,1,0,1,0,0,0
9.19,7.23,2.78,5.18,6.02,7,6.0,84.9,0,1,0,0,1,0
12.92,7.21,3.17,3.48,1.47,3,2.0,92.2,1,0,1,0,0,0
14.22,8.8,3.41,7.65,1.55,6,4.0,77.8,1,0,0,0,0,0
11.21,5.65,3.17,2.31,2.79,7,6.0,82.1,1,0,1,0,0,0
11.07,8.26,3.42,0.16,1.94,1,4.0,96.9,1,0,0,0,0,0
15.16,7.05,3.1,4.32,2.43,6,0.0,83.3,1,0,0,1,0,0
14.34,8.65,3.48,3.57,4.16,7,4.0,89.7,1,0,1,0,0,0
11.57,7.31,3.49,3.45,3.21,5,3.0,89.8,1,0,0,0,1,0
11.64,6.36,3.025,0.35,0.0,10,3.0,75.4,0,0,1,0,0,0
12.16,7.4,3.55,4.97,3.17,8,3.0,86.5,1,0,0,1,0,0
7.25,7.91,3.11,7.21,3.27,2,4.0,96.7,1,0,0,0,0,1
13.17,7.14,3.08,0.76,3.05,5,3.0,85.3,0,0,1,1,0,0
8.14,7.64,2.73,6.31,2.86,2,5.0,94.8,0,0,0,0,0,0
16.37,6.53,2.95,3.18,3.21,6,4.0,88.7,1,0,1,0,0,0
12.87,4.75,3.32,8.43,5.01,2,4.0,97.0,0,0,1,0,1,0
12.4,7.08,2.59,4.98,2.36,7,4.0,76.2,1,0,0,0,1,0
9.34,7.87,3.28,3.86,2.97,6,4.0,86.0,0,0,1,1,0,0
11.47,7.26,3.17,6.19,3.2,8,3.0,83.8,0,0,1,1,1,0
3.01,7.18,3.15,4.24,3.39,4,3.0,88.1,0,0,1,0,0,1
6.91,8.24,2.28,3.13,2.89,0,3.0,100.0,1,0,0,0,0,0
13.63,6.6,3.025,5.48,5.0,10,2.0,64.6,0,0,0,0,0,0
2.42,6.32,3.28,3.28,3.18,4,1.0,93.3,0,1,0,1,0,0
15.81,6.89,2.78,0.98,3.51,9,6.0,73.0,0,1,0,0,1,0
4.14,8.41,3.025,7.86,3.11,6,3.0,85.8,0,1,0,0,0,0
11.57,5.57,2.22,3.57,1.39,7,3.0,86.7,0,0,0,1,0,1
8.2,8.41,3.28,3.1,1.71,10,3.0,74.1,1,0,1,0,1,0
15.51,6.4,2.82,4.81,1.31,6,3.0,91.4,1,0,0,0,0,1
12.59,5.89,3.35,1.39,3.55,9,3.0,84.3,0,0,0,1,1,0
5.08,8.49,2.41,1.76,1.92,0,4.0,100.0,0,0,1,1,1,0
17.62,6.99,3.29,3.3,1.29,7,2.0,79.0,0,0,1,0,0,1
18.49,5.67,2.97,3.26,3.63,4,5.0,89.1,0,0,0,1,0,0
11.7,6.71,3.025,4.33,4.15,4,2.0,91.9,1,0,1,0,1,0
11.57,7.08,2.73,6.22,0.03,5,5.0,90.4,1,0,1,0,0,1
11.28,8.41,2.83,3.35,6.24,6,0.0,82.9,1,0,0,1,1,0
7.61,6.63,3.025,5.09,3.26,10,2.0,77.7,1,1,0,0,0,0
16.94,7.55,2.76,5.28,3.01,0,5.0,100.0,0,1,0,0,0,0
9.56,7.89,2.8,4.24,5.12,5,3.0,84.3,1,0,1,1,0,1
11.57,6.39,2.95,4.61,3.33,2,2.0,94.3,1,1,0,0,1,0
8.43,7.49,2.69,2.5,2.11,8,4.0,78.8,0,0,1,1,1,0
9.18,7.06,3.47,6.12,7.15,3,2.0,91.4,1,0,0,0,0,0
6.25,6.51,3.65,5.02,1.27,6,4.0,90.6,1,1,0,0,1,0
17.66,7.08,2.8,4.23,3.02,3,0.0,92.6,0,0,0,0,0,0
11.31,7.17,2.45,1.79,4.72,7,3.0,79.6,0,1,0,0,0,0
16.35,7.13,3.46,4.24,1.27,8,2.0,78.3,1,0,0,1,0,1
12.06,6.48,3.44,4.24,3.02,3,4.0,89.4,0,0,1,0,1,0
8.88,6.63,3.34,4.24,3.9,5,5.0,90.1,1,1,0,0,0,0
10.53,8.32,3.45,3.99,7.52,0,2.0,100.0,1,0,1,1,0,1
9.48,7.34,2.75,2.74,3.21,5,3.0,89.2,0,1,0,1,1,0
12.04,7.08,2.99,5.87,3.11,7,2.0,86.5,0,1,0,1,0,0
10.31,8.42,2.57,5.5,4.39,3,0.0,95.4,0,0,1,0,1,0
10.65,7.75,2.55,3.13,3.35,8,0.0,84.7,0,1,0,0,0,1
5.8,9.6,3.39,6.29,1.03,0,6.0,100.0,1,0,0,1,0,0
8.37,7.08,2.81,3.66,3.93,0,3.0,100.0,0,0,1,1,0,1
19.44,7.99,3.85,3.64,3.39,0,2.0,99.9,1,1,0,0,1,0
8.98,6.75,3.08,4.42,4.0,3,2.0,91.1,1,0,0,0,0,0
7.26,9.14,2.83,2.85,5.24,5,2.0,86.1,1,0,1,0,0,0
13.52,8.97,3.33,3.41,5.02,4,6.0,89.0,1,0,1,0,1,0
18.33,4.95,3.68,3.91,3.93,4,3.0,87.9,1,1,0,1,0,0
5.46,6.03,3.22,6.95,3.76,7,6.0,83.4,0,1,0,0,0,0
11.06,7.83,2.62,6.9,3.21,3,3.0,93.7,1,0,0,1,0,0
9.16,7.97,3.18,3.73,2.96,0,0.0,98.9,0,1,0,0,0,0
4.08,7.91,3.53,7.1,3.21,1,3.0,98.6,1,0,0,0,1,0
15.31,7.02,2.88,4.12,2.48,11,3.0,61.6,1,0,1,0,0,0
11.89,7.6,2.78,4.89,3.38,0,3.0,100.0,0,0,0,0,0,0
12.32,7.82,3.41,5.79,1.71,4,6.0,93.6,1,0,0,0,0,1
8.61,7.01,3.1,4.73,5.96,9,3.0,74.5,0,0,1,0,0,1
14.05,8.23,2.66,8.55,7.07,6,5.0,89.8,0,1,0,1,0,0
9.57,4.61,2.92,4.64,2.5,2,3.0,94.9,0,0,0,1,0,0
11.36,7.8,2.79,2.04,3.92,5,2.0,85.6,0,1,0,1,1,0
11.57,5.96,3.15,6.55,2.78,7,3.0,78.9,1,0,0,0,0,0
6.53,8.15,3.09,3.46,5.47,8,3.0,85.5,1,0,1,0,1,0
18.01,6.85,3.45,3.65,3.98,2,5.0,96.2,1,1,0,0,0,1
9.72,6.12,3.3,0.0,3.34,7,5.0,86.9,1,1,0,0,0,0
13.31,7.51,2.5,6.0,2.8,5,4.0,85.0,0,0,1,1,1,0
11.85,6.1,3.19,5.67,3.43,8,4.0,76.5,1,0,0,1,1,0
10.01,6.1,3.36,5.64,1.4,9,4.0,73.4,1,0,1,0,0,1
9.71,5.38,3.21,4.24,4.42,3,3.0,92.5,0,1,0,1,1,0
14.84,7.07,3.41,4.24,1.91,0,5.0,100.0,1,0,0,0,1,0
10.64,7.65,2.86,4.12,4.16,6,3.0,88.9,0,0,0,0,0,1
11.32,8.23,2.72,5.89,3.43,10,4.0,65.8,0,0,1,1,0,0
12.1,6.94,3.38,2.86,5.17,7,2.0,77.4,0,0,1,0,1,0
17.29,8.25,2.68,3.56,3.17,5,4.0,91.8,0,0,0,1,1,0
15.06,7.12,2.29,4.24,5.04,12,4.0,68.0,0,1,0,1,1,0
13.72,7.0,3.41,4.9,1.54,1,3.0,96.6,1,0,1,0,1,0
9.46,7.73,2.8,1.8,4.3,7,3.0,85.5,1,0,1,1,0,1
5.78,8.26,2.94,4.85,2.8,3,2.0,95.8,0,1,0,0,0,0
16.27,6.72,2.56,3.87,3.55,5,5.0,93.0,0,0,1,0,0,1
16.35,7.08,2.59,2.73,3.33,5,2.0,86.1,0,0,0,0,0,1
11.37,6.92,2.65,4.98,4.89,9,4.0,85.8,1,0,1,0,0,1
14.44,7.19,2.92,3.47,0.0,2,6.0,96.6,0,0,1,0,0,0
15.52,6.11,3.025,1.37,3.78,3,4.0,91.4,1,0,0,0,1,0
15.74,8.23,2.25,2.2,0.51,0,3.0,100.0,0,1,0,1,0,0
16.15,6.66,3.31,4.24,5.37,6,4.0,82.3,1,0,1,0,0,0
9.95,7.61,2.64,1.47,0.0,3,5.0,92.8,0,1,0,1,0,0
18.82,6.19,2.68,4.24,1.39,6,3.0,86.7,0,0,1,0,0,0
11.57,7.08,3.29,5.3,0.19,1,5.0,97.4,0,1,0,0,1,0
15.88,7.53,3.02,5.35,6.15,3,4.0,92.6,0,0,1,0,0,0
14.22,6.64,2.51,1.99,0.88,8,4.0,74.8,0,0,1,0,1,0
15.93,9.32,3.7,3.62,3.41,4,3.0,88.8,0,0,0,1,0,0
20.46,7.51,2.75,4.45,2.24,7,3.0,85.2,1,0,0,0,1,0
18.68,9.05,3.14,5.64,3.21,6,3.0,89.2,1,0,0,0,0,0
6.85,8.16,3.12,3.04,2.59,3,4.0,91.5,0,0,1,1,0,0
4.4,6.37,3.54,2.11,4.39,0,4.0,100.0,0,1,0,1,1,0
15.68,6.68,2.89,6.0,2.87,8,4.0,74.9,1,0,0,0,1,0
7.43,7.58,3.4,6.19,4.89,5,3.0,91.7,1,0,1,0,1,0
11.94,7.08,2.79,4.87,2.55,8,4.0,83.1,0,0,1,0,0,0
15.78,7.15,3.44,3.1,3.21,0,4.0,100.0,1,0,0,0,0,1
4.6,6.79,2.78,4.93,2.51,0,3.0,100.0,1,0,1,0,0,1
2.51,5.11,2.92,4.4,3.82,0,2.0,100.0,0,1,0,1,0,0
13.17,6.85,3.71,5.71,6.62,2,2.0,96.8,1,0,1,1,1,0
12.2,4.66,3.16,1.95,3.85,8,3.0,79.9,1,0,1,0,0,1
10.89,7.51,3.09,4.41,3.55,6,3.0,81.4,1,1,0,0,0,1
12.17,6.3,3.83,3.91,2.09,4,3.0,87.1,0,0,1,0,1,0
8.13,6.31,3.18,2.2,1.84,5,2.0,86.0,1,0,0,0,0,0
5.19,6.86,2.76,4.59,5.84,7,5.0,80.3,0,0,0,0,0,0
11.25,7.4,3.31,4.26,1.2,4,4.0,94.6,1,0,0,1,0,0
11.57,5.52,2.64,3.46,1.56,6,1.0,88.8,1,0,0,0,0,0
4.6,5.18,3.44,4.91,3.02,5,3.0,89.2,1,1,0,0,1,0
14.28,5.93,3.47,1.65,2.43,0,2.0,100.0,0,0,1,1,1,0
11.72,4.85,2.85,4.1,6.72,3,6.0,92.6,0,0,0,1,1,0
13.83,6.04,2.83,4.98,0.0,9,3.0,79.7,0,0,1,0,0,0
7.55,8.85,3.11,4.71,3.85,3,3.0,93.0,0,1,0,1,1,0
9.04,5.94,3.05,6.14,4.48,4,4.0,93.9,1,1,0,0,1,0
7.5,7.82,2.71,2.04,1.18,3,3.0,91.7,1,0,1,0,1,0
8.01,5.59,3.25,1.49,2.04,3,3.0,89.9,0,0,1,0,1,0
12.88,7.08,2.34,4.63,3.98,8,6.0,77.9,1,1,0,0,0,0
8.48,6.75,2.9,5.02,6.13,4,3.0,92.5,0,0,0,0,1,0
13.6,7.03,2.91,4.24,1.54,1,5.0,97.0,0,0,1,1,0,0
13.53,7.73,2.95,5.31,0.36,0,5.0,100.0,1,0,1,0,1,0
21.11,9.03,3.16,4.24,4.95,3,2.0,92.8,1,0,0,0,0,0
5.73,7.31,2.62,5.65,5.94,0,6.0,100.0,0,1,0,0,1,0
16.0,7.24,3.26,2.68,2.6,0,5.0,100.0,0,1,0,0,0,0
11.57,6.03,3.025,1.53,0.0,7,5.0,75.6,0,1,0,0,0,0
11.94,7.74,2.82,8.9,5.81,7,2.0,81.0,1,0,0,0,1,0
5.48,6.83,2.57,4.79,2.84,0,5.0,100.0,1,0,1,0,1,0
9.93,8.02,2.64,5.49,5.22,7,4.0,81.9,0,1,0,1,1,0
15.34,7.05,3.18,5.21,3.12,6,3.0,80.0,0,0,1,0,0,0
11.63,9.01,2.71,7.46,2.52,2,7.0,96.5,1,0,1,1,0,0
12.36,4.92,3.07,4.71,2.39,7,4.0,89.0,0,0,1,0,1,0
10.69,6.77,3.42,6.39,5.85,0,3.0,100.0,1,0,0,0,1,0
17.2,8.07,3.41,2.35,5.78,1,4.0,98.9,1,0,1,0,0,0
11.57,6.71,3.6,4.24,0.0,0,5.0,100.0,1,0,1,1,1,0
2.1,6.23,2.95,6.77,1.51,1,5.0,97.1,0,0,0,1,0,0
8.89,6.81,3.025,6.85,6.4,7,3.0,80.3,0,0,1,1,1,0
3.14,5.58,3.41,5.12,2.54,0,6.0,99.3,0,1,0,0,1,0
0.0,7.23,3.16,4.61,0.75,1,6.0,97.9,0,0,1,1,0,0
9.61,9.78,3.44,4.5,3.21,1,1.0,96.8,1,1,0,0,1,0
18.0,8.36,3.05,2.96,3.0,5,3.0,84.2,0,0,0,1,0,1
12.21,5.88,3.47,6.97,3.02,3,2.0,93.7,1,0,0,0,0,1
6.72,6.14,3.35,5.39,2.34,7,4.0,83.9,1,0,0,1,0,1
7.77,6.65,3.025,5.11,2.64,2,6.0,94.8,0,1,0,0,0,1
17.09,8.2,3.23,4.88,2.38,0,5.0,98.9,0,1,0,1,1,0
12.71,6.2,3.19,6.09,3.21,3,2.0,91.3,0,0,1,0,1,0
11.57,6.34,3.13,5.11,3.21,5,3.0,87.9,1,0,1,0,0,0
11.57,8.07,3.13,5.54,2.68,2,5.0,95.9,1,0,0,0,0,0
12.17,8.05,3.4,2.1,2.94,5,3.0,88.9,1,0,1,0,0,0
15.62,6.69,3.025,5.12,5.55,10,3.0,72.3,0,0,0,0,0,0
14.49,5.87,3.66,8.14,3.87,3,4.0,91.7,1,0,1,0,0,0
12.97,5.4,3.01,3.27,3.0,5,0.0,89.0,0,0,0,0,0,0
7.31,6.33,3.39,3.97,4.17,9,5.0,73.6,1,0,1,0,0,1
14.3,4.65,3.02,4.24,3.93,2,4.0,94.0,0,1,0,0,0,0
8.92,7.92,2.96,5.92,5.16,2,4.0,95.6,1,0,0,0,0,1
16.92,6.41,3.76,5.32,3.21,1,2.0,97.4,1,0,1,0,1,0
6.28,7.63,2.94,1.29,6.43,6,2.0,89.8,1,0,0,0,1,0
11.38,9.16,2.6,5.1,5.62,6,2.0,88.2,0,0,0,0,0,0
11.97,8.39,2.8,2.07,3.13,4,4.0,92.6,0,1,0,1,0,1
6.04,5.83,2.94,2.72,2.45,5,4.0,88.2,0,1,0,0,1,0
19.75,8.06,3.8,5.19,4.79,9,4.0,75.8,1,0,1,0,1,0
18.57,8.37,3.12,3.67,4.13,7,6.0,79.0,1,0,0,1,1,0
9.91,6.28,3.38,5.66,3.03,0,6.0,100.0,1,0,1,0,1,0
15.47,6.05,2.7,9.87,0.54,4,2.0,90.5,0,0,1,0,0,1
13.7,6.98,3.17,5.6,0.0,5,2.0,91.5,1,1,0,0,1,0
0.24,5.34,3.025,5.5,3.83,7,6.0,81.1,1,0,0,0,0,1
13.13,8.72,3.68,2.59,4.59,4,3.0,91.3,1,0,0,0,0,1
11.72,4.45,2.81,3.04,4.65,2,6.0,95.2,0,1,0,1,0,0
12.37,5.88,3.26,2.29,0.88,3,6.0,94.2,0,0,1,0,0,1
7.15,6.8,3.16,3.24,5.07,0,3.0,100.0,0,0,0,0,1,0
10.79,6.85,2.69,2.23,2.24,4,3.0,89.3,0,1,0,0,1,0
11.2,7.28,3.04,3.01,3.9,3,4.0,91.3,1,0,0,0,1,0
17.35,7.4,2.96,3.82,3.95,6,2.0,87.4,0,0,0,0,1,0
13.5,6.87,2.24,2.4,1.76,1,2.0,97.8,0,0,0,0,0,1
11.98,8.35,3.26,1.65,2.14,3,3.0,91.2,1,0,0,0,1,0
18.88,4.75,3.24,1.75,0.0,1,5.0,95.8,0,1,0,0,0,0
9.5,7.1,3.025,5.02,1.55,1,3.0,98.2,0,0,0,0,1,0
10.25,6.31,2.58,4.31,0.0,7,3.0,78.6,0,1,0,0,0,0
3.82,7.25,3.57,6.05,3.99,3,3.0,92.2,0,0,1,0,0,0
19.06,7.34,3.14,4.24,3.31,6,1.0,80.8,0,1,0,0,0,0
16.34,6.1,3.41,4.24,4.85,1,6.0,97.3,1,0,0,1,1,0
16.13,6.39,3.54,5.41,3.84,5,0.0,88.9,1,0,1,1,1,0
15.01,7.97,2.87,1.61,3.21,0,2.0,100.0,0,0,1,1,1,0
12.5,7.48,3.33,8.31,3.82,3,4.0,94.7,1,0,1,0,1,0
12.97,6.35,2.97,6.35,2.5,3,1.0,93.4,0,0,0,0,0,0
10.87,9.34,3.03,3.81,4.3,6,4.0,85.1,1,0,1,0,0,1
11.08,9.64,3.02,2.11,3.77,5,6.0,90.1,0,0,1,1,1,0
12.24,5.49,3.05,4.88,1.42,4,2.0,90.6,1,0,0,0,0,0
18.8,7.43,3.44,0.83,3.2,7,4.0,78.8,1,0,0,0,0,0
14.5,7.08,3.09,2.8,3.3,5,2.0,91.5,0,0,0,0,1,0
11.74,7.96,3.0,5.55,2.65,6,4.0,85.0,0,0,0,1,1,0
9.39,7.34,2.95,4.34,4.81,7,4.0,82.6,1,0,0,0,0,1
9.14,6.87,3.17,3.32,6.28,4,4.0,92.1,0,1,0,0,1,0
19.21,6.5,2.74,5.91,2.54,3,6.0,90.5,1,1,0,0,0,1
14.28,6.87,2.87,2.33,2.57,5,4.0,89.2,1,0,0,0,0,0
12.3,6.49,3.03,4.71,0.0,3,6.0,92.0,0,0,1,1,0,1
10.44,7.92,2.85,3.3,2.97,6,5.0,85.2,0,0,1,0,0,0
7.01,6.66,3.01,2.67,3.21,8,1.0,76.3,1,1,0,1,1,0
11.7,6.61,2.84,5.03,0.0,7,4.0,76.1,0,1,0,0,0,0
15.93,5.78,3.75,2.41,3.72,3,4.0,89.5,1,0,0,0,0,0
10.23,7.05,3.52,7.62,4.26,0,1.0,99.4,1,0,1,0,1,0
10.98,6.12,3.025,3.15,3.21,4,6.0,91.5,1,0,1,0,0,0
11.01,6.9,3.03,4.24,2.53,4,4.0,92.2,1,0,1,0,0,1
12.49,8.25,3.82,2.23,1.46,8,4.0,75.8,1,0,1,0,0,1
4.83,7.5,3.025,5.29,4.57,3,2.0,90.5,1,0,1,0,0,0
10.94,7.66,3.02,2.04,3.21,4,4.0,88.6,0,0,1,0,0,0
8.16,7.49,3.16,1.79,2.64,7,4.0,78.8,0,0,0,0,1,0
15.98,7.17,3.16,4.49,6.71,3,3.0,92.6,0,0,1,0,0,1
8.53,6.96,3.54,5.42,3.29,4,4.0,87.3,1,0,1,0,0,0
14.6,6.76,3.04,1.91,4.04,10,0.0,72.3,0,1,0,0,0,0
18.86,7.94,3.78,6.33,2.94,9,6.0,74.8,1,0,1,1,0,0
10.59,5.91,2.74,2.76,1.09,6,2.0,79.8,0,0,1,1,0,0
9.29,8.57,3.29,4.44,3.14,5,0.0,85.4,1,0,0,0,1,0
12.86,7.14,2.7,4.88,3.93,1,2.0,96.2,0,0,1,1,1,0
11.57,6.28,3.69,5.27,1.36,6,2.0,79.4,1,0,1,0,0,1
7.53,6.56,2.93,0.96,3.81,5,4.0,89.6,0,0,0,0,1,0
14.07,6.36,3.03,7.11,5.44,5,2.0,84.8,0,0,0,0,1,0
21.07,7.28,3.37,5.21,5.13,3,4.0,94.4,1,0,0,1,0,0
10.84,6.31,3.49,3.43,0.35,4,2.0,89.3,1,1,0,0,1,0
11.09,8.36,2.66,2.36,1.44,4,7.0,87.8,0,0,1,1,1,0
11.57,6.24,2.93,1.15,0.3,5,4.0,81.5,0,0,1,1,0,1
13.44,4.6,2.56,1.75,5.13,9,7.0,69.8,0,1,0,1,0,0
6.39,6.3,3.1,5.18,4.3,6,2.0,83.4,0,1,0,0,0,0
7.02,4.89,3.01,3.59,4.47,0,5.0,100.0,1,0,1,1,1,0
17.76,7.06,2.93,2.16,1.62,1,2.0,95.9,0,0,1,0,0,0
7.93,8.27,2.81,3.25,1.1,0,4.0,100.0,0,0,1,0,1,0
16.87,7.81,2.91,7.02,3.34,2,5.0,96.4,0,0,1,0,1,0
18.86,5.63,2.79,3.6,3.38,6,1.0,90.6,0,0,1,0,1,0
13.17,6.26,3.24,3.15,1.66,6,1.0,83.0,0,0,1,0,0,0
14.49,9.06,3.58,6.63,3.46,2,1.0,92.6,1,0,0,1,1,0
20.79,7.45,2.37,4.24,3.21,5,1.0,84.6,0,1,0,0,0,0
11.11,7.1,3.01,4.28,3.61,2,2.0,94.9,0,0,0,1,0,0
9.33,8.26,2.9,3.11,1.33,0,2.0,100.0,1,0,1,0,0,1
5.91,9.8,3.22,1.41,0.0,0,3.0,100.0,1,0,1,0,1,0
12.19,8.53,2.72,2.09,2.73,2,4.0,95.9,1,0,0,0,1,0
18.66,7.25,3.0,3.34,3.5,9,4.0,75.0,0,1,0,0,1,0
16.32,7.49,3.025,3.8,2.73,0,1.0,99.9,1,0,0,0,0,1
7.76,7.78,3.29,4.84,2.43,8,2.0,78.6,1,0,1,0,1,0
8.15,6.43,3.08,5.19,1.96,9,3.0,76.3,1,0,0,0,0,0
9.73,5.94,2.99,4.6,4.49,4,3.0,90.1,0,1,0,0,0,0
13.32,7.16,3.18,4.6,3.11,4,2.0,91.6,1,0,1,0,1,0
11.08,6.06,2.96,2.39,3.42,2,5.0,95.8,1,0,1,0,1,0
12.97,7.03,2.51,0.32,1.45,4,5.0,88.0,0,0,1,1,1,0
13.34,7.21,3.26,3.26,2.08,6,5.0,88.9,0,0,1,1,0,0
10.66,9.68,3.15,2.48,3.49,4,3.0,86.5,1,0,1,1,0,0
11.82,6.16,3.0,3.03,1.39,8,7.0,86.0,1,0,1,1,1,0
12.93,6.97,3.39,3.71,0.93,8,6.0,75.3,1,1,0,1,0,1
11.57,6.92,3.48,1.96,2.61,5,3.0,88.0,1,0,1,0,1,0
14.27,7.58,2.67,2.2,5.36,5,3.0,82.2,0,0,1,0,0,0
20.42,8.25,2.78,4.02,3.54,4,5.0,91.9,1,0,1,0,1,0
14.66,6.56,3.59,4.41,5.83,5,2.0,90.1,1,0,1,0,0,1
12.25,6.2,3.55,3.02,2.96,1,4.0,97.8,1,0,1,0,1,0
4.41,5.3,2.79,5.1,2.64,6,3.0,82.8,0,0,1,0,0,1
13.75,6.08,2.64,3.8,0.69,5,2.0,89.0,0,1,0,1,0,0
3.24,7.69,2.83,2.36,2.16,2,3.0,96.1,0,0,1,0,1,0
5.66,7.15,2.88,4.27,5.78,11,1.0,68.4,0,0,0,1,1,0
15.85,5.98,2.5,7.59,3.79,1,2.0,97.4,0,0,0,0,1,0
15.18,6.69,3.06,2.99,4.52,2,0.0,96.4,0,1,0,0,1,0
11.33,7.13,2.6,6.3,3.21,5,7.0,86.3,1,0,1,0,0,1
4.3,7.65,2.63,6.68,3.18,0,6.0,100.0,0,0,1,0,0,1
10.33,6.45,3.37,6.9,2.83,2,6.0,96.8,1,1,0,0,1,0
8.95,6.82,3.025,2.72,3.41,0,4.0,100.0,0,0,0,0,0,0
14.87,5.1,3.02,7.83,4.41,1,3.0,97.8,0,0,0,0,1,0
22.16,5.83,3.27,4.41,4.02,4,6.0,86.4,0,0,0,1,1,0
12.98,8.88,3.33,3.74,4.09,5,5.0,82.9,1,0,0,0,0,0
8.49,4.69,2.93,3.79,3.48,8,5.0,81.2,1,0,1,1,0,0
6.73,6.73,3.07,5.28,1.81,7,2.0,77.8,1,1,0,0,0,1
11.75,7.34,2.76,4.29,2.73,8,4.0,86.8,0,1,0,0,0,1
11.2,6.69,3.66,3.88,1.51,6,3.0,83.7,1,0,1,0,1,0
11.57,7.08,3.28,6.51,5.01,3,1.0,93.7,0,1,0,1,0,0
12.52,7.03,2.66,2.9,0.0,8,1.0,83.4,0,1,0,0,0,0
6.82,7.09,3.05,2.32,2.81,3,4.0,90.9,1,0,0,1,0,0
17.0,7.01,3.3,5.63,7.5,2,5.0,96.3,0,0,1,0,0,0
16.78,5.03,3.22,5.47,2.59,9,1.0,70.3,0,0,1,0,0,0
16.88,6.94,3.69,6.17,3.21,7,6.0,88.7,1,0,1,0,0,0
9.87,6.16,3.53,2.27,3.17,5,6.0,85.6,0,0,1,0,0,0
14.32,6.5,2.86,4.24,5.52,7,3.0,86.1,1,0,1,0,0,0
11.41,7.35,3.02,5.07,2.91,7,3.0,81.8,0,0,1,1,0,1
10.25,7.8,2.6,7.37,4.3,0,3.0,100.0,0,0,0,1,1,0
11.57,8.09,3.14,1.95,3.21,4,5.0,87.5,1,0,1,0,0,0
6.15,6.55,3.1,4.59,2.53,1,3.0,99.1,0,1,0,0,0,0
5.5,8.12,4.0,3.7,8.87,5,2.0,90.0,0,0,1,0,0,1
11.57,8.39,3.08,1.34,3.33,2,4.0,94.6,1,0,1,1,1,0
11.14,8.35,2.32,2.91,2.23,9,0.0,74.6,0,0,1,0,0,0
12.97,8.63,2.81,6.23,2.32,6,4.0,91.0,0,1,0,0,0,0
16.51,6.94,3.09,3.36,3.89,2,5.0,94.4,1,0,1,0,1,0
4.2,6.91,2.61,2.9,3.94,4,4.0,86.4,1,0,1,1,0,1
8.47,8.01,2.75,5.76,4.59,0,5.0,98.5,0,1,0,1,0,0
12.79,5.6,2.92,5.98,3.45,4,4.0,91.5,0,0,1,0,1,0
13.76,7.33,3.17,5.98,0.62,6,5.0,88.3,0,0,0,1,1,0
10.3,6.52,2.99,2.78,4.16,5,3.0,83.7,1,0,1,0,1,0
16.63,6.69,2.74,4.1,2.64,0,2.0,100.0,1,0,1,0,0,0
12.95,5.18,3.33,4.24,2.69,3,3.0,93.5,1,0,0,1,1,0
6.54,6.12,2.86,3.02,0.53,6,3.0,90.9,1,0,1,0,1,0
7.81,7.08,2.88,2.85,2.17,5,6.0,89.8,1,0,1,1,0,0
15.62,8.08,2.57,5.69,1.89,8,6.0,77.1,1,1,0,1,0,1
14.09,8.19,2.77,7.01,3.13,0,4.0,99.4,0,1,0,0,0,0
3.45,7.01,3.28,2.13,0.58,6,2.0,86.8,1,0,1,1,0,0
18.06,6.89,2.48,0.0,3.29,2,2.0,92.5,0,0,1,1,0,1
14.69,6.19,3.03,1.59,3.42,5,3.0,87.5,0,1,0,0,0,1
18.05,7.54,3.3,2.38,1.18,6,6.0,85.8,1,1,0,0,1,0
10.27,6.83,2.92,3.95,2.08,7,4.0,85.1,1,0,1,0,0,1
10.67,7.77,3.13,5.31,1.66,2,3.0,94.3,1,1,0,0,1,0
6.93,9.03,2.66,3.94,3.21,5,2.0,89.1,0,0,0,0,1,0
23.42,7.06,3.51,2.94,3.21,1,5.0,98.2,1,1,0,0,0,0
11.21,5.45,3.44,4.48,2.58,0,4.0,100.0,0,0,1,0,1,0
19.14,6.15,3.13,2.47,0.21,6,3.0,88.0,0,1,0,0,0,1
9.09,5.5,2.44,4.12,2.42,4,4.0,90.2,0,1,0,0,0,1
12.74,5.78,2.68,3.05,4.72,0,6.0,100.0,1,0,1,0,1,0
4.48,8.54,3.025,9.02,2.06,2,3.0,95.6,1,0,0,0,0,0
10.28,7.35,3.65,5.67,3.45,4,6.0,92.5,1,0,1,1,0,1
16.43,5.43,3.025,2.7,1.68,9,6.0,78.3,0,0,1,0,0,0
6.37,7.82,3.49,4.24,6.69,8,3.0,81.4,0,0,1,1,0,0
11.57,8.49,2.84,3.41,4.84,7,5.0,89.5,1,0,0,0,0,0
13.52,6.7,2.98,1.24,5.23,0,3.0,100.0,0,1,0,0,0,0
7.3,6.36,3.05,2.89,0.81,4,2.0,86.7,0,0,0,0,0,0
9.74,6.73,3.2,2.87,1.22,6,3.0,90.1,1,1,0,1,0,0
9.93,7.41,2.51,5.79,5.14,6,2.0,85.5,0,0,1,0,0,1
11.78,7.8,3.38,3.43,2.85,6,4.0,88.0,1,0,0,0,1,0
9.59,8.4,3.51,2.78,2.74,4,3.0,93.1,1,0,0,0,1,0
8.28,8.43,2.65,1.79,3.8,10,4.0,79.6,0,0,1,1,1,0
11.57,8.4,2.58,2.08,0.94,9,5.0,85.5,1,0,0,0,1,0
7.38,8.6,3.17,4.08,4.59,4,0.0,88.5,0,0,0,0,1,0
6.2,7.08,2.82,3.81,3.23,1,3.0,97.4,0,0,0,1,0,1
11.78,5.42,2.22,6.24,4.06,11,0.0,68.4,0,0,1,0,1,0
15.97,6.96,3.33,4.24,1.99,3,4.0,92.0,1,0,0,0,0,0
5.12,7.45,3.1,6.11,4.12,8,2.0,78.5,1,0,0,0,1,0
12.02,6.68,2.88,4.66,1.93,10,4.0,77.2,0,0,0,1,0,1
9.08,8.1,3.79,4.19,4.92,1,6.0,97.7,1,0,1,0,1,0
7.6,6.7,3.1,0.59,5.23,5,0.0,85.3,1,1,0,1,1,0
15.84,6.08,2.79,1.88,4.84,3,4.0,90.9,0,0,0,0,1,0
11.57,8.69,3.09,5.53,4.13,6,3.0,81.7,0,1,0,0,1,0
18.74,7.83,2.69,6.72,4.34,5,0.0,90.5,1,0,1,0,1,0
8.49,7.34,3.025,4.57,0.0,11,5.0,83.2,1,0,1,0,1,0
13.74,7.08,3.19,5.57,4.7,6,3.0,79.8,1,0,1,0,1,0
10.98,8.27,2.86,3.47,2.71,4,3.0,88.4,0,1,0,0,1,0
8.61,7.48,2.89,3.53,3.37,8,2.0,86.6,0,0,1,1,0,1
14.64,4.4,3.63,3.01,2.69,3,9.0,90.0,1,0,1,0,1,0
11.3,6.36,3.35,5.95,0.7,3,3.0,94.9,1,1,0,0,1,0
14.71,6.6,3.33,4.82,2.23,11,0.0,68.3,1,0,1,1,0,0
11.79,6.02,3.24,3.78,3.21,2,2.0,95.6,0,1,0,1,0,0
7.11,7.32,3.22,3.61,5.75,3,3.0,91.9,0,1,0,0,0,0
11.54,8.41,3.56,4.24,2.08,4,3.0,92.5,0,0,1,0,1,0
12.23,6.57,3.04,4.78,1.57,1,3.0,96.9,1,0,1,0,1,0
16.31,5.85,3.7,2.7,5.81,0,2.0,100.0,1,0,0,0,0,0
7.92,9.33,2.72,7.29,1.61,8,4.0,73.3,1,0,1,0,1,0
11.82,6.6,2.96,4.66,6.93,2,3.0,94.5,1,0,1,0,0,1
4.25,5.74,2.57,4.22,3.29,3,1.0,94.5,0,0,0,1,1,0
14.93,7.36,2.93,4.24,1.61,3,2.0,89.2,1,1,0,0,1,0
7.13,7.57,3.23,6.04,4.97,1,3.0,96.8,0,1,0,0,1,0
3.87,6.32,3.56,4.04,6.25,1,5.0,97.4,1,0,1,0,1,0
11.73,7.97,2.82,5.16,0.62,5,3.0,86.4,1,0,1,0,1,0
16.98,6.56,3.05,2.27,6.01,12,3.0,77.1,1,0,1,1,0,0
5.14,6.08,2.92,3.05,2.69,7,3.0,78.6,1,0,0,0,1,0
7.1,7.3,2.79,0.13,5.88,7,4.0,81.3,0,1,0,0,0,1
8.66,7.95,2.63,6.4,2.52,0,7.0,100.0,1,0,1,0,1,0
6.92,6.4,3.07,0.78,0.36,4,2.0,90.4,0,1,0,0,0,1
11.57,7.08,2.44,5.43,4.1,1,4.0,99.1,0,0,1,1,1,0
8.37,7.0,3.09,2.7,4.87,7,5.0,84.0,1,0,1,0,0,0
8.75,10.21,3.06,2.44,6.97,4,2.0,87.5,0,1,0,0,0,1
14.62,6.32,2.82,3.85,3.21,4,4.0,89.9,0,0,0,0,0,0
8.6,8.62,2.7,4.68,4.45,4,4.0,90.8,1,0,1,1,0,1
13.95,7.04,2.57,5.3,2.77,2,3.0,92.4,0,0,1,0,0,0
7.63,6.96,3.7,7.39,2.26,0,4.0,100.0,1,0,1,1,1,0
6.55,7.89,2.58,4.85,2.67,6,5.0,89.3,1,0,1,0,0,0
3.74,8.08,3.6,5.79,1.7,0,5.0,100.0,0,1,0,1,0,0
20.38,8.49,3.26,3.12,2.71,1,3.0,99.1,1,0,1,0,1,0
10.56,7.46,2.92,5.48,0.0,3,4.0,90.9,1,1,0,0,1,0
11.57,6.44,2.65,4.48,3.52,2,3.0,93.6,0,0,0,0,0,1
11.86,6.51,3.41,3.37,3.15,5,2.0,86.5,0,1,0,0,0,0
12.72,7.66,3.66,4.03,7.82,8,4.0,87.5,0,1,0,1,0,0
12.22,7.74,2.72,4.24,4.57,5,5.0,90.2,1,1,0,0,1,0
20.59,8.64,2.95,4.54,2.34,5,4.0,87.2,1,0,1,0,0,1
7.32,7.56,3.42,4.92,4.22,4,3.0,85.1,0,0,0,0,1,0
4.99,8.27,3.17,3.28,0.99,7,4.0,80.2,1,0,0,1,1,0
7.45,8.77,3.75,2.87,3.21,0,5.0,100.0,1,0,1,1,1,0
5.99,7.28,2.85,5.55,0.0,5,6.0,85.2,0,1,0,0,1,0
15.36,5.47,3.24,1.15,5.79,1,3.0,97.1,0,0,1,0,1,0
15.69,5.8,2.61,3.09,4.27,0,4.0,99.0,0,0,1,0,0,0
7.67,5.52,3.78,6.99,1.08,4,3.0,93.4,1,0,0,0,0,1
5.74,8.85,2.79,0.0,3.09,3,3.0,92.8,0,0,1,1,1,0
10.4,7.08,3.025,2.95,4.91,6,3.0,80.7,0,1,0,1,0,0
18.26,8.46,3.01,5.44,4.09,8,1.0,85.0,1,0,1,1,0,1
0.0,7.74,3.0,1.23,3.89,0,5.0,100.0,1,1,0,0,1,0
14.37,8.99,3.72,8.88,1.66,4,6.0,88.0,1,0,1,0,0,0
7.16,8.2,2.93,0.0,2.05,11,6.0,80.8,0,1,0,0,1,0
16.68,6.99,3.05,6.79,3.37,7,6.0,77.2,1,0,1,1,0,0
7.15,6.88,3.26,7.0,3.21,9,2.0,82.2,1,1,0,0,1,0
10.72,7.19,3.61,4.24,1.71,5,6.0,84.1,0,1,0,0,0,0
5.22,7.29,3.03,3.8,1.18,0,2.0,100.0,1,1,0,0,1,0
11.57,6.52,3.41,4.84,5.26,1,3.0,98.1,1,0,1,0,1,0
18.24,7.06,3.23,2.58,1.53,7,7.0,77.6,1,0,0,1,0,1
15.69,8.87,2.95,5.66,3.21,7,2.0,76.8,1,0,1,0,1,0
10.19,7.08,3.08,2.18,3.64,2,5.0,95.1,0,0,1,1,0,0
8.08,7.38,3.06,3.71,4.79,3,4.0,93.5,0,1,0,0,0,0
3.48,6.1,2.73,5.99,6.34,5,3.0,85.9,1,0,0,0,1,0
10.23,7.31,3.47,2.19,4.44,0,2.0,100.0,1,0,0,0,0,1
11.86,8.02,2.57,3.54,3.21,3,4.0,94.8,0,1,0,0,1,0
11.62,7.04,3.46,4.5,1.55,9,3.0,78.5,1,0,1,1,1,0
11.58,7.95,3.38,1.78,1.95,11,5.0,62.2,1,0,0,0,1,0
6.95,5.35,3.02,6.3,4.36,4,5.0,89.9,0,0,1,1,0,1
11.7,8.32,2.78,4.81,5.96,10,1.0,81.1,0,1,0,1,1,0
11.83,6.44,3.025,1.47,5.71,3,3.0,92.7,1,1,0,1,0,1
17.81,7.78,3.22,4.12,7.37,2,3.0,95.9,1,0,0,0,0,0
20.4,7.3,3.31,2.8,3.76,0,1.0,100.0,0,0,1,0,0,1
11.38,4.26,3.15,3.02,3.57,7,1.0,81.7,0,0,1,0,1,0
8.55,6.27,3.4,4.34,5.01,3,4.0,95.2,1,0,1,0,0,1
11.71,7.34,2.85,2.92,3.23,12,3.0,78.5,0,0,1,0,0,1
9.27,8.81,3.13,5.94,3.09,5,1.0,90.1,0,1,0,0,0,0
8.66,7.42,2.5,2.93,1.31,5,2.0,83.3,0,0,1,1,1,0
11.74,7.38,3.32,5.97,4.98,0,4.0,100.0,1,0,1,0,0,1
7.31,5.55,3.1,4.12,1.27,9,1.0,80.0,1,1,0,0,0,0
14.73,8.67,2.9,5.74,4.12,3,2.0,89.1,1,0,1,0,1,0
11.53,9.09,3.46,3.23,0.65,4,6.0,92.7,1,0,0,0,0,1
13.13,7.13,3.29,3.29,5.17,0,6.0,100.0,1,0,1,1,1,0
11.18,6.86,2.06,2.13,1.35,7,1.0,75.3,0,0,1,0,1,0
8.73,5.32,3.06,5.24,4.72,7,1.0,75.2,1,1,0,0,1,0
7.73,8.07,2.54,5.89,0.34,2,4.0,95.7,0,0,0,0,0,0
10.93,10.07,3.42,8.01,2.41,5,1.0,88.7,1,0,1,1,0,0
9.53,7.89,3.92,6.52,5.32,6,3.0,88.8,1,0,1,0,1,0
13.05,8.49,2.87,4.65,1.75,7,3.0,78.5,0,0,1,0,0,0
11.98,7.7,3.08,3.82,3.32,5,4.0,90.7,1,0,0,0,0,1
5.87,7.08,2.96,4.9,2.34,10,0.0,81.8,1,0,0,1,1,0
12.3,8.57,3.17,4.15,0.0,4,0.0,92.8,1,0,1,1,0,0
5.96,5.74,3.28,6.83,3.75,2,1.0,95.8,0,0,1,1,1,0
9.23,6.87,3.5,5.9,3.98,3,5.0,91.7,1,0,1,0,0,0
10.68,7.41,2.7,2.69,1.21,0,3.0,100.0,0,0,1,1,1,0
2.66,8.07,3.6,2.96,4.23,2,0.0,96.0,1,0,0,1,1,0
12.41,7.56,2.72,6.66,1.77,8,4.0,84.5,0,1,0,0,1,0
12.68,7.08,3.025,4.75,1.39,5,5.0,88.3,1,0,0,1,0,0
11.29,6.26,3.46,3.78,3.21,2,3.0,96.4,1,0,1,1,0,0
11.57,5.68,3.3,6.34,1.97,5,3.0,88.0,1,0,1,1,0,0
10.32,7.17,2.72,3.5,7.33,0,4.0,100.0,1,0,0,1,1,0
7.61,6.32,2.8,3.7,3.21,3,5.0,93.7,1,0,1,1,0,1
10.79,5.66,2.89,3.37,4.53,6,4.0,82.7,1,0,1,1,1,0
9.51,5.71,3.03,0.67,4.98,7,4.0,85.6,1,0,1,1,1,0
12.41,6.56,3.45,5.76,0.0,2,3.0,96.9,1,0,0,0,0,0
6.58,5.06,2.6,4.24,0.08,7,3.0,87.4,0,1,0,0,1,0
13.06,5.62,3.21,3.18,4.21,10,2.0,66.0,0,1,0,0,1,0
12.64,7.08,3.26,2.86,2.33,3,4.0,95.3,1,1,0,0,0,0
11.36,7.3,3.25,5.51,3.89,7,3.0,86.3,1,0,0,0,0,0
10.02,7.55,3.21,4.08,5.25,0,3.0,100.0,0,1,0,0,0,1
14.49,9.31,3.58,4.23,2.53,0,5.0,100.0,1,0,1,1,1,0
4.51,5.45,3.22,1.18,1.28,6,4.0,87.9,1,0,1,1,0,0
14.07,6.35,3.35,4.04,0.0,4,5.0,90.9,1,0,1,0,1,0
13.09,8.1,3.25,1.54,3.21,5,1.0,84.2,1,0,1,0,0,1
13.28,6.86,3.68,4.75,1.53,2,4.0,95.7,1,0,0,0,0,0
13.72,6.74,2.39,4.86,3.76,3,2.0,88.5,0,0,0,1,0,1
9.06,8.98,3.5,4.17,3.62,7,2.0,88.0,1,0,1,0,1,0
10.83,6.73,2.96,7.88,0.71,10,2.0,74.1,0,1,0,0,0,0
14.87,5.83,2.95,5.15,6.3,4,5.0,88.9,0,1,0,0,0,0
13.94,5.65,2.71,5.27,5.15,0,5.0,100.0,0,1,0,0,1,0
12.93,7.47,2.4,4.46,4.73,8,2.0,78.8,1,0,0,0,0,0
5.19,7.44,2.92,3.85,1.07,6,1.0,85.1,0,0,1,0,0,0
14.42,5.59,2.81,5.94,2.47,7,3.0,86.9,0,1,0,1,0,0
17.26,6.02,3.22,6.18,2.22,5,3.0,82.9,1,0,1,1,1,0
16.54,7.69,2.53,1.86,2.45,12,6.0,72.8,0,0,0,0,0,0
13.05,7.73,3.55,6.1,1.18,5,1.0,87.3,1,0,1,0,0,0
4.99,6.39,3.15,5.12,3.98,6,0.0,84.1,0,1,0,1,1,0
16.24,7.08,2.96,5.93,3.61,0,3.0,100.0,0,0,1,0,1,0
11.34,7.73,2.8,5.04,3.86,2,3.0,95.1,0,1,0,1,0,1
0.6,5.14,2.77,1.96,2.29,2,4.0,96.1,0,0,0,1,1,0
13.7,6.76,2.65,2.09,5.52,4,3.0,86.0,0,0,0,0,1,0
11.57,7.56,3.025,7.48,3.54,5,7.0,86.3,0,0,1,0,1,0
6.17,6.47,3.05,4.65,0.0,2,3.0,94.6,1,0,0,1,0,0
9.14,4.75,2.99,1.65,2.05,10,2.0,72.8,0,1,0,0,1,0
17.73,6.79,2.55,4.83,3.1,1,0.0,97.2,0,1,0,1,1,0
10.33,7.93,2.96,3.55,4.94,3,4.0,90.8,1,0,0,1,0,0
13.22,8.84,2.74,0.88,2.66,5,5.0,85.2,0,1,0,1,0,1
19.87,4.69,3.11,0.08,2.75,0,3.0,99.5,1,0,1,1,0,0
19.17,9.97,3.7,1.32,3.21,6,5.0,80.4,1,0,1,0,0,1
11.53,5.86,3.27,4.69,4.4,6,3.0,89.9,1,0,0,1,1,0
10.91,8.15,2.94,4.24,2.39,3,6.0,89.1,0,0,1,0,1,0
6.33,8.46,2.48,3.75,2.11,10,4.0,84.3,0,0,1,0,1,0
8.87,8.18,2.55,4.71,1.86,5,2.0,86.0,0,0,1,1,1,0
13.91,7.26,2.46,5.28,4.2,5,2.0,85.5,0,0,1,0,1,0
13.78,5.82,3.3,0.42,2.24,1,1.0,98.0,1,0,1,0,0,0
12.5,7.79,2.78,3.66,0.18,0,0.0,100.0,0,0,1,0,1,0
16.48,6.31,3.07,2.71,4.32,2,4.0,93.8,0,1,0,0,0,0
8.52,4.33,2.83,1.98,1.94,3,5.0,94.2,0,0,1,0,0,0
11.75,10.21,3.08,3.22,3.84,3,7.0,90.6,1,0,1,1,0,1
15.29,7.88,3.54,3.98,3.87,7,3.0,81.8,1,0,0,1,1,0
14.63,9.1,2.81,3.72,5.37,0,3.0,100.0,0,1,0,1,0,0
16.82,6.1,2.93,1.58,5.08,1,2.0,97.6,0,0,0,1,1,0
13.79,8.71,2.77,3.33,2.16,0,5.0,100.0,1,0,1,0,0,0
10.61,8.85,3.36,7.83,2.9,9,4.0,84.0,0,1,0,0,1,0
13.63,8.81,2.69,2.3,0.88,3,2.0,91.7,1,0,1,1,1,0
7.49,7.08,2.65,1.16,6.22,3,5.0,95.1,0,1,0,0,0,0
4.62,5.78,2.56,4.7,3.99,1,4.0,97.5,0,0,1,1,1,0
14.61,6.9,2.56,5.27,5.71,7,0.0,86.1,0,1,0,0,1,0
11.75,4.68,3.21,5.04,2.63,3,5.0,90.6,0,1,0,0,1,0
13.39,5.23,3.95,2.18,0.0,5,4.0,88.3,1,0,0,0,1,0
4.36,7.2,2.7,6.0,5.96,0,3.0,100.0,0,1,0,0,0,0
10.36,6.01,3.38,2.79,3.37,8,3.0,78.0,1,0,1,0,0,0
9.3,6.92,3.14,2.16,3.44,6,6.0,87.2,1,0,0,0,0,0
8.11,6.98,3.025,3.1,3.3,6,6.0,84.5,0,0,1,1,0,0
1.85,9.22,2.95,4.0,4.36,8,3.0,76.8,1,0,0,1,1,0
10.49,8.53,3.025,5.49,4.16,4,1.0,93.4,0,1,0,0,0,0
16.04,7.05,2.81,5.32,0.34,4,2.0,87.3,0,0,1,0,0,0
13.71,8.43,3.73,4.16,5.16,7,3.0,79.1,1,0,0,0,0,1
9.3,6.24,2.38,5.88,2.25,6,1.0,89.1,0,0,1,0,1,0
11.93,6.73,3.18,4.35,2.36,4,2.0,93.1,1,0,1,0,1,0
15.41,8.1,3.17,5.81,6.31,4,0.0,89.7,0,0,1,0,1,0
0.0,5.73,2.85,1.67,4.86,3,7.0,91.7,0,1,0,0,1,0
11.44,6.79,3.1,1.37,2.59,7,5.0,83.2,1,1,0,0,0,0
14.44,5.65,3.36,5.6,0.0,7,4.0,84.4,0,0,1,1,0,0
11.57,7.23,3.1,1.7,3.49,4,4.0,86.8,0,1,0,1,0,0
19.65,8.9,3.2,3.66,4.17,10,3.0,80.4,1,0,0,0,0,0
17.11,6.27,3.29,4.02,3.06,0,3.0,100.0,1,0,0,1,1,0
13.41,7.35,2.34,3.32,0.96,4,4.0,89.2,0,0,0,1,1,0
13.36,6.11,3.57,3.38,1.78,10,2.0,83.3,1,0,1,0,1,0
15.54,5.84,3.025,6.71,0.94,3,5.0,92.1,1,1,0,1,1,0
9.57,5.74,3.39,0.0,3.59,0,3.0,100.0,1,0,0,0,0,0
11.82,8.7,3.4,5.79,4.67,9,2.0,69.6,1,0,1,0,0,0
16.08,9.7,2.56,8.33,3.21,6,6.0,87.2,1,0,0,0,1,0
20.81,7.63,3.01,4.24,3.21,1,3.0,98.8,1,0,1,0,0,0
11.28,6.31,2.77,4.17,3.62,7,4.0,77.0,0,0,1,0,1,0
11.78,7.88,2.84,5.51,4.2,1,3.0,98.1,1,0,1,0,0,0
12.89,6.73,3.39,4.24,2.28,0,0.0,99.8,0,0,0,0,0,0
18.04,7.98,2.77,2.06,3.21,4,4.0,91.4,0,0,0,1,1,0
11.86,7.42,3.0,4.36,3.21,3,1.0,93.9,0,1,0,0,0,0
18.61,7.41,2.38,3.86,3.57,1,5.0,97.1,1,0,1,0,1,0
11.57,7.77,2.99,5.21,4.79,3,1.0,92.8,0,1,0,0,1,0
11.16,6.46,3.08,4.49,2.42,1,0.0,97.8,1,0,1,0,0,0
11.11,6.66,2.8,5.39,3.28,5,4.0,91.3,0,1,0,1,0,0
15.54,5.21,2.8,3.44,0.11,4,4.0,87.6,1,0,1,0,0,1
16.7,6.61,3.71,4.29,3.15,7,4.0,81.3,0,0,1,1,0,1
5.21,5.54,2.63,2.99,3.21,3,1.0,94.3,0,0,1,0,0,1
7.88,6.94,2.68,3.0,6.98,0,5.0,99.8,1,0,1,0,0,0
13.52,6.05,2.77,3.95,5.35,0,1.0,99.8,0,0,1,0,0,1
9.04,7.21,3.47,3.94,4.44,4,3.0,88.7,1,0,0,0,1,0
5.15,7.08,3.79,2.09,3.3,9,2.0,79.4,1,0,1,0,0,0
16.67,5.54,3.17,7.03,2.12,7,3.0,80.7,1,0,1,1,1,0
14.22,6.21,2.8,3.96,2.91,2,5.0,92.4,1,0,0,0,0,1
14.22,6.06,2.9,1.71,4.3,7,2.0,85.4,0,0,1,1,1,0
9.86,7.92,3.42,6.18,1.79,1,4.0,97.9,1,0,1,0,0,0
11.57,8.98,2.73,2.85,4.88,8,5.0,81.2,0,0,0,0,1,0
10.92,8.04,3.56,5.11,1.43,3,0.0,91.3,1,0,0,0,1,0
16.93,6.72,3.55,4.24,0.0,7,1.0,86.1,1,0,0,1,0,0
7.9,8.71,3.07,4.65,1.38,6,3.0,81.7,0,0,1,0,1,0
8.16,5.43,3.28,4.51,0.2,3,2.0,89.8,1,1,0,0,0,0
12.92,8.75,3.31,3.16,0.73,5,3.0,85.5,1,0,1,0,0,0
8.84,6.38,3.59,4.27,5.24,1,0.0,97.0,0,0,1,0,1,0
15.04,4.04,2.68,4.24,2.84,4,5.0,90.0,1,0,0,1,0,0
13.17,10.02,3.46,0.17,3.59,8,5.0,88.0,1,0,1,1,0,0
11.57,8.84,2.92,4.32,3.21,17,3.0,50.0,0,0,1,0,1,0
11.57,5.96,2.78,4.98,5.47,7,1.0,82.6,1,0,1,0,0,0
10.42,7.29,3.09,2.31,2.29,5,3.0,87.4,1,0,0,0,0,0
16.12,6.86,2.97,1.73,5.59,1,2.0,97.0,1,1,0,0,0,1
9.15,7.21,2.7,8.09,3.89,8,4.0,87.7,1,0,1,0,0,1
10.02,7.08,2.49,3.53,3.21,0,3.0,100.0,0,0,1,0,1,0
17.45,6.35,2.72,7.94,4.0,2,5.0,97.0,1,0,0,1,0,0
22.07,7.61,3.56,5.16,0.63,6,3.0,84.6,1,0,1,1,0,0
21.0,7.34,3.74,4.34,1.79,0,6.0,98.4,1,0,1,0,1,0
12.28,8.42,3.28,5.06,3.01,9,0.0,73.8,1,0,1,1,0,0
12.98,7.19,3.47,5.34,4.3,8,2.0,75.4,0,0,1,0,1,0
18.9,9.68,2.87,6.32,2.53,3,4.0,94.5,1,1,0,1,0,0
11.44,6.31,3.02,4.98,2.97,3,1.0,96.0,1,0,1,0,0,0
7.61,7.39,3.025,4.46,4.94,0,5.0,99.7,0,0,1,0,0,0
12.53,4.99,2.67,4.52,5.74,0,1.0,100.0,0,1,0,1,1,0
14.03,5.72,2.7,6.63,4.58,6,4.0,87.8,0,0,0,0,0,1
8.27,8.56,3.08,5.67,5.48,6,2.0,87.4,1,0,1,1,1,0
4.59,6.06,2.94,2.4,2.47,5,3.0,89.8,1,0,1,0,0,0
5.53,7.68,2.68,3.06,2.65,5,4.0,85.0,0,0,0,1,1,0
14.99,7.03,3.19,4.8,3.77,3,3.0,93.1,1,0,1,1,0,1
8.59,5.95,2.96,3.08,2.66,6,3.0,82.7,0,0,1,1,0,1
11.36,6.72,3.41,3.52,2.29,0,7.0,100.0,1,0,1,1,0,0
12.96,6.53,3.05,2.48,6.17,4,3.0,91.4,1,0,1,0,0,1
11.57,6.56,2.94,3.73,2.84,9,2.0,69.3,1,0,1,0,0,0
10.49,7.93,3.09,4.96,1.46,9,5.0,73.9,1,0,0,0,0,0
14.24,7.82,2.99,5.99,4.08,3,5.0,92.5,1,0,1,0,0,0
7.99,6.46,2.82,4.22,6.5,3,5.0,88.7,0,0,0,0,0,1
10.37,7.08,2.91,7.93,3.35,9,6.0,77.8,1,1,0,0,1,0
7.39,7.41,3.025,4.06,5.42,10,2.0,84.3,0,0,1,0,0,0
17.09,6.99,3.28,9.95,2.41,0,5.0,100.0,1,0,1,0,1,0
11.88,8.23,3.5,6.0,2.32,3,5.0,93.7,1,1,0,0,0,0
8.67,10.02,2.46,5.09,1.96,5,3.0,85.2,0,1,0,0,1,0
10.41,8.03,2.91,3.3,2.94,8,3.0,78.2,0,0,1,0,0,0
11.0,7.06,2.9,0.0,6.51,2,3.0,95.2,0,0,1,0,0,0
15.15,6.91,3.11,3.92,1.12,6,2.0,90.1,1,0,0,0,0,1
4.82,6.16,3.025,4.52,6.15,3,6.0,93.2,1,0,0,0,0,0
7.33,6.1,2.87,7.66,1.38,12,0.0,68.7,0,1,0,0,1,0
10.3,6.0,3.32,1.72,2.78,6,2.0,83.9,0,0,0,1,1,0
23.4,6.67,3.11,7.63,4.7,4,4.0,90.7,1,0,1,0,1,0
16.3,6.63,2.64,3.75,4.33,3,4.0,93.7,0,0,1,0,0,0
11.5,7.92,3.52,5.5,3.71,8,6.0,83.6,1,0,0,1,1,0
15.2,6.66,3.4,0.0,0.23,7,0.0,80.2,1,0,1,0,0,1
21.26,7.08,2.85,4.45,3.85,1,3.0,97.4,0,0,1,1,1,0
10.95,5.76,3.34,3.58,3.21,5,5.0,89.9,0,0,0,0,0,1
10.35,8.91,2.79,5.43,7.82,0,1.0,99.8,1,0,0,0,0,0
17.45,7.66,3.44,4.36,2.82,2,3.0,96.9,0,0,0,0,0,0
14.22,9.07,2.97,2.14,3.54,0,7.0,99.6,0,0,0,0,0,0
15.02,7.98,2.77,5.9,1.14,0,6.0,99.8,1,0,1,1,0,1
9.71,8.74,2.92,5.45,2.34,2,4.0,93.3,1,0,0,0,1,0
20.66,6.83,2.78,5.27,0.88,1,0.0,96.8,0,0,1,1,0,1
19.69,7.89,3.12,6.02,4.97,6,3.0,82.7,1,0,1,0,0,1
14.55,10.08,3.11,6.18,2.73,7,4.0,76.5,1,0,1,1,0,0
15.08,5.75,3.06,4.16,4.21,4,3.0,92.0,0,1,0,0,0,0
2.88,8.39,2.86,1.76,3.21,1,3.0,98.6,1,0,0,1,1,0
11.57,8.97,1.77,1.71,2.3,7,3.0,83.9,0,0,0,0,0,0
11.13,7.08,3.08,6.63,5.52,0,3.0,100.0,1,0,1,0,0,0
13.95,7.94,2.39,5.48,1.45,0,2.0,100.0,0,1,0,0,1,0
15.07,8.51,3.025,4.38,0.0,7,3.0,89.4,1,0,1,0,1,0
10.46,6.36,3.45,3.42,3.93,6,3.0,80.9,1,0,0,1,0,1
4.39,7.56,3.15,4.26,1.15,7,3.0,74.0,1,1,0,1,0,0
13.66,6.12,2.91,4.24,2.41,4,3.0,87.7,0,0,1,0,1,0
8.66,6.34,2.99,3.59,3.21,0,5.0,99.3,1,0,1,1,0,0
10.51,6.41,3.0,2.94,1.73,3,4.0,93.4,0,0,1,0,0,0
9.28,7.08,2.86,8.1,4.78,6,1.0,80.5,0,0,1,0,0,1
10.46,7.26,2.85,4.61,1.97,2,3.0,93.4,0,0,1,0,0,0
1.61,7.61,2.73,3.11,5.88,2,4.0,95.4,0,1,0,0,0,0
17.48,5.5,3.47,1.86,5.59,0,3.0,100.0,1,1,0,0,0,0
13.14,9.33,3.04,2.89,2.35,1,5.0,98.2,1,0,0,1,1,0
17.0,8.4,3.38,5.5,2.82,7,5.0,87.3,1,0,0,0,0,0
20.91,7.92,2.96,5.57,1.7,6,2.0,86.0,0,1,0,0,0,1
12.1,6.7,3.08,3.81,3.56,1,4.0,99.1,0,0,1,0,0,0
3.89,7.0,2.99,4.29,5.27,1,7.0,98.0,0,0,1,1,0,1
7.98,7.72,3.21,3.65,3.21,3,6.0,93.5,0,1,0,0,1,0
6.57,7.56,3.34,2.21,4.85,6,3.0,81.1,1,0,1,1,0,0
9.74,5.21,3.13,6.54,0.82,1,5.0,98.7,0,0,1,0,1,0
12.36,7.94,2.81,4.87,1.65,4,2.0,89.3,0,1,0,0,0,1
2.99,10.39,2.78,8.66,0.0,0,1.0,100.0,0,0,1,1,0,0
13.54,5.02,3.63,2.84,6.99,0,4.0,99.2,1,0,0,0,1,0
5.2,8.22,2.95,3.95,3.31,6,4.0,84.4,1,1,0,0,0,0
13.34,7.52,2.95,5.79,3.64,7,4.0,82.5,1,1,0,0,0,0
11.51,6.97,3.56,3.76,1.98,1,3.0,98.3,1,0,0,0,0,1
10.59,8.65,3.43,1.7,5.12,2,4.0,95.5,1,0,1,0,0,0
11.67,5.77,3.24,2.49,0.0,7,3.0,77.0,0,0,1,1,1,0
9.57,7.28,3.025,4.38,3.25,3,4.0,94.6,0,1,0,1,0,0
9.24,8.75,3.87,4.82,7.17,3,5.0,91.6,1,0,0,0,1,0
4.43,6.88,3.19,4.03,2.51,6,3.0,82.0,1,0,1,0,1,0
11.87,6.63,3.24,6.01,3.23,5,5.0,92.4,1,1,0,0,0,0
20.3,7.23,2.99,5.99,4.41,8,0.0,76.7,1,0,0,0,0,0
20.91,6.6,2.55,4.78,1.74,7,2.0,84.6,0,0,1,0,1,0
11.57,8.85,2.58,4.25,3.24,3,6.0,93.7,0,0,0,0,1,0
15.18,6.07,3.19,3.74,4.93,4,6.0,89.9,0,1,0,0,1,0
8.96,8.09,3.19,5.19,3.55,4,4.0,87.6,0,0,1,0,1,0
18.49,5.68,2.97,5.86,3.87,0,3.0,100.0,0,1,0,0,0,0
11.75,7.86,2.64,4.31,2.57,1,1.0,96.6,1,0,0,0,1,0
11.69,6.98,2.55,5.01,3.77,7,4.0,85.5,0,1,0,0,1,0
10.69,4.18,2.94,3.62,3.3,0,5.0,100.0,0,1,0,0,1,0
12.41,7.09,2.54,1.66,5.82,8,1.0,78.6,1,1,0,0,0,0
10.04,5.89,3.36,2.4,4.5,5,4.0,81.6,0,0,1,1,0,1
11.62,6.6,3.45,5.58,2.76,4,4.0,93.5,1,0,0,0,0,0
7.12,8.84,4.0,5.0,0.0,6,4.0,79.8,1,0,1,0,1,0
11.57,5.84,3.36,7.06,4.49,6,1.0,86.6,1,0,0,0,0,0
22.26,5.9,2.84,4.3,4.56,8,4.0,76.9,1,0,0,1,0,0
11.69,8.73,2.74,5.76,1.55,3,1.0,93.7,1,0,0,0,0,0
11.57,7.23,1.84,6.58,0.0,4,6.0,89.5,0,0,0,1,0,0
14.4,8.84,2.84,5.99,1.14,4,4.0,91.5,0,1,0,0,1,0
15.19,7.47,2.99,3.1,4.87,10,1.0,67.8,1,0,1,1,0,0
6.99,6.1,3.39,3.87,1.28,7,6.0,84.8,1,1,0,0,0,0
11.07,7.03,3.26,4.43,2.37,1,5.0,97.0,1,1,0,1,1,0
16.13,8.49,3.26,2.43,3.6,3,2.0,90.9,1,0,1,0,0,0
13.21,8.16,3.12,5.05,5.4,2,7.0,96.4,0,0,0,1,1,0
11.57,7.1,3.28,6.04,3.21,4,2.0,84.8,1,0,1,0,0,1
18.99,7.16,3.56,3.33,3.02,5,4.0,86.3,1,1,0,0,0,0
8.95,6.97,2.68,7.75,2.21,12,5.0,59.6,0,0,1,0,0,0
11.57,6.45,2.89,3.68,6.14,0,0.0,100.0,0,0,1,0,1,0
9.66,9.28,2.56,3.83,5.12,8,5.0,77.6,1,0,0,0,0,0
18.71,7.11,3.62,3.77,3.03,6,3.0,89.0,1,0,0,0,0,0
3.22,5.82,3.5,2.93,3.21,2,3.0,96.5,1,0,1,0,0,0
8.98,6.56,3.31,4.95,1.78,4,2.0,90.7,1,0,0,0,1,0
9.62,7.92,2.63,4.24,4.24,3,4.0,93.2,1,0,0,0,0,0
14.99,7.83,3.11,7.19,1.9,5,2.0,88.1,0,0,1,0,0,0
14.73,6.94,2.97,5.29,4.81,8,2.0,81.5,1,1,0,0,0,0
18.28,6.34,3.08,5.17,3.85,0,3.0,100.0,1,0,1,0,1,0
4.92,7.13,2.98,3.8,3.73,9,1.0,75.4,0,1,0,0,0,0
15.38,5.21,3.23,1.65,4.38,3,6.0,93.5,1,0,1,1,0,1
10.68,5.63,2.91,4.04,4.1,9,1.0,80.9,1,0,0,0,1,0
9.0,8.0,3.025,2.67,1.66,6,2.0,82.5,1,0,0,1,0,1
14.43,6.56,3.13,5.91,2.61,8,3.0,76.1,1,0,1,0,1,0
7.86,7.52,2.95,4.15,7.41,6,3.0,81.7,1,0,0,0,0,0
2.65,8.48,3.01,7.2,3.21,8,5.0,73.7,0,0,0,1,1,0
10.33,7.83,2.9,5.52,2.35,5,5.0,85.4,1,0,1,1,0,0
5.26,7.12,3.33,5.7,5.12,2,3.0,96.7,0,0,1,1,1,0
9.08,9.51,2.95,4.62,2.91,7,3.0,77.4,0,0,1,0,1,0
13.67,7.86,3.025,4.58,1.74,7,3.0,83.1,1,0,0,1,1,0
13.4,6.7,2.91,5.38,0.82,11,5.0,70.9,0,0,1,0,0,1
19.14,7.93,2.53,5.86,4.16,0,5.0,100.0,0,0,1,1,0,0
11.1,7.56,3.37,2.92,5.04,4,3.0,91.5,1,0,0,1,0,1
5.1,6.13,2.68,5.09,5.72,8,0.0,79.6,0,0,1,1,0,0
8.6,7.18,3.025,8.92,3.3,0,7.0,99.4,1,0,1,0,0,1
7.86,6.91,3.2,4.04,5.08,4,5.0,89.2,0,0,1,0,0,0
6.52,4.88,2.47,3.74,1.34,11,4.0,75.4,0,0,1,0,0,1
13.96,6.91,2.72,2.95,3.5,9,4.0,74.2,0,1,0,0,0,0
9.1,6.78,3.025,1.59,1.98,2,3.0,95.3,0,0,1,0,1,0
3.1,6.6,2.76,6.34,3.51,9,2.0,75.5,1,0,0,1,1,0
